('《回廊亭》', 'magnet:?xt=urn:btih:666b0b0b69ad8c0e39668b7935d6e92c597fe52e&dn=[电影天堂www.dytt89.com]回廊亭-2023_HD国语中字.mp4&tr=http://t.t789.me:2710/announce&tr=http://t.t789.co:2710/announce&tr=http://t.t789.vip:2710/announce">magnet:?xt=urn:btih:666b0b0b69ad8c0e39668b7935d6e92c597fe52e&dn=[电影天堂www.dytt89.com]回廊亭-2023_HD国语中字.mp4')('《回廊亭》', 'magnet:?xt=urn:btih:666b0b0b69ad8c0e39668b7935d6e92c597fe52e&dn=[电影天堂www.dytt89.com]回廊亭-2023_HD国语中字.mp4&tr=http://t.t789.me:2710/announce&tr=http://t.t789.co:2710/announce&tr=http://t.t789.vip:2710/announce">magnet:?xt=urn:btih:666b0b0b69ad8c0e39668b7935d6e92c597fe52e&dn=[电影天堂www.dytt89.com]回廊亭-2023_HD国语中字.mp4')
('《不能流泪的悲伤》', 'magnet:?xt=urn:btih:6071f09c81013068394d69424583d4874ecf6dcf&dn=[电影天堂www.dytt89.com]不能流泪的悲伤-2023_HD国语中字.mp4&tr=http://t.t789.me:2710/announce&tr=http://t.t789.co:2710/announce&tr=http://t.t789.vip:2710/announce">magnet:?xt=urn:btih:6071f09c81013068394d69424583d4874ecf6dcf&dn=[电影天堂www.dytt89.com]不能流泪的悲伤-2023_HD国语中字.mp4')('《不能流泪的悲伤》', 'magnet:?xt=urn:btih:6071f09c81013068394d69424583d4874ecf6dcf&dn=[电影天堂www.dytt89.com]不能流泪的悲伤-2023_HD国语中字.mp4&tr=http://t.t789.me:2710/announce&tr=http://t.t789.co:2710/announce&tr=http://t.t789.vip:2710/announce">magnet:?xt=urn:btih:6071f09c81013068394d69424583d4874ecf6dcf&dn=[电影天堂www.dytt89.com]不能流泪的悲伤-2023_HD国语中字.mp4')
('《回到太空》', 'magnet:?xt=urn:btih:b277b4c3fade49ec6c3d0029748a151bb165bc80&dn=[电影天堂www.dytt89.com]回到太空-2022_BD中英双字.mp4&tr=http://t.t789.me:2710/announce&tr=http://t.t789.co:2710/announce&tr=http://t.t789.vip:2710/announce">magnet:?xt=urn:btih:b277b4c3fade49ec6c3d0029748a151bb165bc80&dn=[电影天堂www.dytt89.com]回到太空-2022_BD中英双字.mp4')('《回到太空》', 'magnet:?xt=urn:btih:b277b4c3fade49ec6c3d0029748a151bb165bc80&dn=[电影天堂www.dytt89.com]回到太空-2022_BD中英双字.mp4&tr=http://t.t789.me:2710/announce&tr=http://t.t789.co:2710/announce&tr=http://t.t789.vip:2710/announce">magnet:?xt=urn:btih:b277b4c3fade49ec6c3d0029748a151bb165bc80&dn=[电影天堂www.dytt89.com]回到太空-2022_BD中英双字.mp4')
('《蚁人与黄蜂女：量子狂潮》', 'magnet:?xt=urn:btih:9c93b7c5e46ba4e8f97b79811e8ac686708f4613&dn=[电影天堂www.dytt89.com]蚁人与黄蜂女：量子狂潮-2023_BD中英双字.mp4&tr=http://t.t789.me:2710/announce&tr=http://t.t789.co:2710/announce&tr=http://t.t789.vip:2710/announce">magnet:?xt=urn:btih:9c93b7c5e46ba4e8f97b79811e8ac686708f4613&dn=[电影天堂www.dytt89.com]蚁人与黄蜂女：量子狂潮-2023_BD中英双字.mp4')('《蚁人与黄蜂女：量子狂潮》', 'magnet:?xt=urn:btih:9c93b7c5e46ba4e8f97b79811e8ac686708f4613&dn=[电影天堂www.dytt89.com]蚁人与黄蜂女：量子狂潮-2023_BD中英双字.mp4&tr=http://t.t789.me:2710/announce&tr=http://t.t789.co:2710/announce&tr=http://t.t789.vip:2710/announce">magnet:?xt=urn:btih:9c93b7c5e46ba4e8f97b79811e8ac686708f4613&dn=[电影天堂www.dytt89.com]蚁人与黄蜂女：量子狂潮-2023_BD中英双字.mp4')
('《下一个素熙》', 'magnet:?xt=urn:btih:c1de45907d2ac859144cd0626a10228ebb92527d&dn=[电影天堂www.dytt89.com]下一个素熙-2022_BD韩语中字.mp4&tr=http://t.t789.me:2710/announce&tr=http://t.t789.co:2710/announce&tr=http://t.t789.vip:2710/announce">magnet:?xt=urn:btih:c1de45907d2ac859144cd0626a10228ebb92527d&dn=[电影天堂www.dytt89.com]下一个素熙-2022_BD韩语中字.mp4')('《下一个素熙》', 'magnet:?xt=urn:btih:c1de45907d2ac859144cd0626a10228ebb92527d&dn=[电影天堂www.dytt89.com]下一个素熙-2022_BD韩语中字.mp4&tr=http://t.t789.me:2710/announce&tr=http://t.t789.co:2710/announce&tr=http://t.t789.vip:2710/announce">magnet:?xt=urn:btih:c1de45907d2ac859144cd0626a10228ebb92527d&dn=[电影天堂www.dytt89.com]下一个素熙-2022_BD韩语中字.mp4')
('《流浪地球2》', 'magnet:?xt=urn:btih:648a5a4b0c58a4eb250d27ab56929958d15405ee&dn=[电影天堂www.dytt89.com]流浪地球2-2023_HD国语中字普清版.mp4&tr=http://t.t789.me:2710/announce&tr=http://t.t789.co:2710/announce&tr=http://t.t789.vip:2710/announce">magnet:?xt=urn:btih:648a5a4b0c58a4eb250d27ab56929958d15405ee&dn=[电影天堂www.dytt89.com]流浪地球2-2023_HD国语中字普清版.mp4')('《流浪地球2》', 'magnet:?xt=urn:btih:648a5a4b0c58a4eb250d27ab56929958d15405ee&dn=[电影天堂www.dytt89.com]流浪地球2-2023_HD国语中字普清版.mp4&tr=http://t.t789.me:2710/announce&tr=http://t.t789.co:2710/announce&tr=http://t.t789.vip:2710/announce">magnet:?xt=urn:btih:648a5a4b0c58a4eb250d27ab56929958d15405ee&dn=[电影天堂www.dytt89.com]流浪地球2-2023_HD国语中字普清版.mp4')
('《熊出没·伴我“熊芯”》', 'magnet:?xt=urn:btih:6948115037741688c6eed09558c21f2a04b5a9e0&dn=[电影天堂www.dytt89.com]熊出没·伴我“熊芯”-2023_HD国语中字.mp4&tr=http://t.t789.me:2710/announce&tr=http://t.t789.co:2710/announce&tr=http://t.t789.vip:2710/announce">magnet:?xt=urn:btih:6948115037741688c6eed09558c21f2a04b5a9e0&dn=[电影天堂www.dytt89.com]熊出没·伴我“熊芯”-2023_HD国语中字.mp4')('《熊出没·伴我“熊芯”》', 'magnet:?xt=urn:btih:6948115037741688c6eed09558c21f2a04b5a9e0&dn=[电影天堂www.dytt89.com]熊出没·伴我“熊芯”-2023_HD国语中字.mp4&tr=http://t.t789.me:2710/announce&tr=http://t.t789.co:2710/announce&tr=http://t.t789.vip:2710/announce">magnet:?xt=urn:btih:6948115037741688c6eed09558c21f2a04b5a9e0&dn=[电影天堂www.dytt89.com]熊出没·伴我“熊芯”-2023_HD国语中字.mp4')
('《痛苦与荣耀》', 'magnet:?xt=urn:btih:c7ed8f5dba5154ee511bd800625633c1ab9804c6&dn=[电影天堂www.dytt89.com]痛苦与荣耀-2019_蓝光中字.mp4&tr=http://t.t789.me:2710/announce&tr=http://t.t789.co:2710/announce&tr=http://t.t789.vip:2710/announce">magnet:?xt=urn:btih:c7ed8f5dba5154ee511bd800625633c1ab9804c6&dn=[电影天堂www.dytt89.com]痛苦与荣耀-2019_蓝光中字.mp4')('《痛苦与荣耀》', 'magnet:?xt=urn:btih:c7ed8f5dba5154ee511bd800625633c1ab9804c6&dn=[电影天堂www.dytt89.com]痛苦与荣耀-2019_蓝光中字.mp4&tr=http://t.t789.me:2710/announce&tr=http://t.t789.co:2710/announce&tr=http://t.t789.vip:2710/announce">magnet:?xt=urn:btih:c7ed8f5dba5154ee511bd800625633c1ab9804c6&dn=[电影天堂www.dytt89.com]痛苦与荣耀-2019_蓝光中字.mp4')
('《名侦探柯南：万圣节的新娘》', 'magnet:?xt=urn:btih:351c5d9e27a211713cc5994f2b5de83e79531a3f&dn=[电影天堂www.dytt89.com]名侦探柯南：万圣节的新娘-2022_BD国日双语中字.mp4&tr=http://t.t789.me:2710/announce&tr=http://t.t789.co:2710/announce&tr=http://t.t789.vip:2710/announce">magnet:?xt=urn:btih:351c5d9e27a211713cc5994f2b5de83e79531a3f&dn=[电影天堂www.dytt89.com]名侦探柯南：万圣节的新娘-2022_BD国日双语中字.mp4')('《名侦探柯南：万圣节的新娘》', 'magnet:?xt=urn:btih:351c5d9e27a211713cc5994f2b5de83e79531a3f&dn=[电影天堂www.dytt89.com]名侦探柯南：万圣节的新娘-2022_BD国日双语中字.mp4&tr=http://t.t789.me:2710/announce&tr=http://t.t789.co:2710/announce&tr=http://t.t789.vip:2710/announce">magnet:?xt=urn:btih:351c5d9e27a211713cc5994f2b5de83e79531a3f&dn=[电影天堂www.dytt89.com]名侦探柯南：万圣节的新娘-2022_BD国日双语中字.mp4')
('《新·奥特曼》', 'magnet:?xt=urn:btih:5da3a80d89b62de08b91ce9c3a30190571013a8f&dn=[电影天堂www.dytt89.com]新·奥特曼-2022_BD日语中字.mp4&tr=http://t.t789.me:2710/announce&tr=http://t.t789.co:2710/announce&tr=http://t.t789.vip:2710/announce">magnet:?xt=urn:btih:5da3a80d89b62de08b91ce9c3a30190571013a8f&dn=[电影天堂www.dytt89.com]新·奥特曼-2022_BD日语中字.mp4')('《新·奥特曼》', 'magnet:?xt=urn:btih:5da3a80d89b62de08b91ce9c3a30190571013a8f&dn=[电影天堂www.dytt89.com]新·奥特曼-2022_BD日语中字.mp4&tr=http://t.t789.me:2710/announce&tr=http://t.t789.co:2710/announce&tr=http://t.t789.vip:2710/announce">magnet:?xt=urn:btih:5da3a80d89b62de08b91ce9c3a30190571013a8f&dn=[电影天堂www.dytt89.com]新·奥特曼-2022_BD日语中字.mp4')
('《梅艳芳》', 'magnet:?xt=urn:btih:05d09df88d1c1aa331fec64ac19373637aa14ccb&dn=[电影天堂www.dytt89.com]梅艳芳-2021_BD国语中字.mp4&tr=http://t.t789.me:2710/announce&tr=http://t.t789.co:2710/announce&tr=http://t.t789.vip:2710/announce">magnet:?xt=urn:btih:05d09df88d1c1aa331fec64ac19373637aa14ccb&dn=[电影天堂www.dytt89.com]梅艳芳-2021_BD国语中字.mp4')('《梅艳芳》', 'magnet:?xt=urn:btih:05d09df88d1c1aa331fec64ac19373637aa14ccb&dn=[电影天堂www.dytt89.com]梅艳芳-2021_BD国语中字.mp4&tr=http://t.t789.me:2710/announce&tr=http://t.t789.co:2710/announce&tr=http://t.t789.vip:2710/announce">magnet:?xt=urn:btih:05d09df88d1c1aa331fec64ac19373637aa14ccb&dn=[电影天堂www.dytt89.com]梅艳芳-2021_BD国语中字.mp4')
('《断网》', 'magnet:?xt=urn:btih:6dcf115b1aa7a3e9e777b80440a6c543ab83aba2&dn=[电影天堂www.dytt89.com]断网-2023_4K国语中字.mp4&tr=http://t.t789.me:2710/announce&tr=http://t.t789.co:2710/announce&tr=http://t.t789.vip:2710/announce">magnet:?xt=urn:btih:6dcf115b1aa7a3e9e777b80440a6c543ab83aba2&dn=[电影天堂www.dytt89.com]断网-2023_4K国语中字.mp4')('《断网》', 'magnet:?xt=urn:btih:6dcf115b1aa7a3e9e777b80440a6c543ab83aba2&dn=[电影天堂www.dytt89.com]断网-2023_4K国语中字.mp4&tr=http://t.t789.me:2710/announce&tr=http://t.t789.co:2710/announce&tr=http://t.t789.vip:2710/announce">magnet:?xt=urn:btih:6dcf115b1aa7a3e9e777b80440a6c543ab83aba2&dn=[电影天堂www.dytt89.com]断网-2023_4K国语中字.mp4')
('《中国乒乓之绝地反击》', 'magnet:?xt=urn:btih:5abc3d289d6be66bd4a070d1207ceb36a06d01f2&dn=[电影天堂www.dytt89.com]中国乒乓之绝地反击-2023_4K国语中字.mp4&tr=http://t.t789.me:2710/announce&tr=http://t.t789.co:2710/announce&tr=http://t.t789.vip:2710/announce">magnet:?xt=urn:btih:5abc3d289d6be66bd4a070d1207ceb36a06d01f2&dn=[电影天堂www.dytt89.com]中国乒乓之绝地反击-2023_4K国语中字.mp4')('《中国乒乓之绝地反击》', 'magnet:?xt=urn:btih:5abc3d289d6be66bd4a070d1207ceb36a06d01f2&dn=[电影天堂www.dytt89.com]中国乒乓之绝地反击-2023_4K国语中字.mp4&tr=http://t.t789.me:2710/announce&tr=http://t.t789.co:2710/announce&tr=http://t.t789.vip:2710/announce">magnet:?xt=urn:btih:5abc3d289d6be66bd4a070d1207ceb36a06d01f2&dn=[电影天堂www.dytt89.com]中国乒乓之绝地反击-2023_4K国语中字.mp4')
('《无名》', 'magnet:?xt=urn:btih:3dd614b55a5c9bca16436b39b613aacbef2dab18&dn=[电影天堂www.dytt89.com]无名-2023_4K国语中字.mp4&tr=http://t.t789.me:2710/announce&tr=http://t.t789.co:2710/announce&tr=http://t.t789.vip:2710/announce">magnet:?xt=urn:btih:3dd614b55a5c9bca16436b39b613aacbef2dab18&dn=[电影天堂www.dytt89.com]无名-2023_4K国语中字.mp4')('《无名》', 'magnet:?xt=urn:btih:3dd614b55a5c9bca16436b39b613aacbef2dab18&dn=[电影天堂www.dytt89.com]无名-2023_4K国语中字.mp4&tr=http://t.t789.me:2710/announce&tr=http://t.t789.co:2710/announce&tr=http://t.t789.vip:2710/announce">magnet:?xt=urn:btih:3dd614b55a5c9bca16436b39b613aacbef2dab18&dn=[电影天堂www.dytt89.com]无名-2023_4K国语中字.mp4')
('《穿靴子的猫2》', 'magnet:?xt=urn:btih:b3caa311b0e1be11e2c63d83ddc06c23e52a546b&dn=[电影天堂www.dytt89.com]穿靴子的猫2-2022_蓝光国英双语中英双字.mp4&tr=http://t.t789.me:2710/announce&tr=http://t.t789.co:2710/announce&tr=http://t.t789.vip:2710/announce">magnet:?xt=urn:btih:b3caa311b0e1be11e2c63d83ddc06c23e52a546b&dn=[电影天堂www.dytt89.com]穿靴子的猫2-2022_蓝光国英双语中英双字.mp4')('《穿靴子的猫2》', 'magnet:?xt=urn:btih:b3caa311b0e1be11e2c63d83ddc06c23e52a546b&dn=[电影天堂www.dytt89.com]穿靴子的猫2-2022_蓝光国英双语中英双字.mp4&tr=http://t.t789.me:2710/announce&tr=http://t.t789.co:2710/announce&tr=http://t.t789.vip:2710/announce">magnet:?xt=urn:btih:b3caa311b0e1be11e2c63d83ddc06c23e52a546b&dn=[电影天堂www.dytt89.com]穿靴子的猫2-2022_蓝光国英双语中英双字.mp4')
('《刺猬索尼克2》', 'magnet:?xt=urn:btih:1102e9965ecad0640472cc7a185508b76e5b129f&dn=[电影天堂www.dytt89.com]猬索尼克2-2022_蓝光国英双语中英双字.mp4&tr=http://t.t789.me:2710/announce&tr=http://t.t789.co:2710/announce&tr=http://t.t789.vip:2710/announce">magnet:?xt=urn:btih:1102e9965ecad0640472cc7a185508b76e5b129f&dn=[电影天堂www.dytt89.com]猬索尼克2-2022_蓝光国英双语中英双字.mp4')('《刺猬索尼克2》', 'magnet:?xt=urn:btih:1102e9965ecad0640472cc7a185508b76e5b129f&dn=[电影天堂www.dytt89.com]猬索尼克2-2022_蓝光国英双语中英双字.mp4&tr=http://t.t789.me:2710/announce&tr=http://t.t789.co:2710/announce&tr=http://t.t789.vip:2710/announce">magnet:?xt=urn:btih:1102e9965ecad0640472cc7a185508b76e5b129f&dn=[电影天堂www.dytt89.com]猬索尼克2-2022_蓝光国英双语中英双字.mp4')
('《黑豹2》', 'magnet:?xt=urn:btih:2578a2da94d856c769163c4872fcf2ae355e19dd&dn=[电影天堂www.dytt89.com]黑豹2-2022_BD国语中英双字.mp4&tr=http://t.t789.me:2710/announce&tr=http://t.t789.co:2710/announce&tr=http://t.t789.vip:2710/announce">magnet:?xt=urn:btih:2578a2da94d856c769163c4872fcf2ae355e19dd&dn=[电影天堂www.dytt89.com]黑豹2-2022_BD国语中英双字.mp4')('《黑豹2》', 'magnet:?xt=urn:btih:2578a2da94d856c769163c4872fcf2ae355e19dd&dn=[电影天堂www.dytt89.com]黑豹2-2022_BD国语中英双字.mp4&tr=http://t.t789.me:2710/announce&tr=http://t.t789.co:2710/announce&tr=http://t.t789.vip:2710/announce">magnet:?xt=urn:btih:2578a2da94d856c769163c4872fcf2ae355e19dd&dn=[电影天堂www.dytt89.com]黑豹2-2022_BD国语中英双字.mp4')
('《误杀瞒天记2》', 'magnet:?xt=urn:btih:9811f75347c7a1d0ee7afe625d0b64398d8ffa90&dn=[电影天堂www.dytt89.com]误杀瞒天记2-2022_BD中英双字.mp4&tr=http://t.t789.me:2710/announce&tr=http://t.t789.co:2710/announce&tr=http://t.t789.vip:2710/announce">magnet:?xt=urn:btih:9811f75347c7a1d0ee7afe625d0b64398d8ffa90&dn=[电影天堂www.dytt89.com]误杀瞒天记2-2022_BD中英双字.mp4')('《误杀瞒天记2》', 'magnet:?xt=urn:btih:9811f75347c7a1d0ee7afe625d0b64398d8ffa90&dn=[电影天堂www.dytt89.com]误杀瞒天记2-2022_BD中英双字.mp4&tr=http://t.t789.me:2710/announce&tr=http://t.t789.co:2710/announce&tr=http://t.t789.vip:2710/announce">magnet:?xt=urn:btih:9811f75347c7a1d0ee7afe625d0b64398d8ffa90&dn=[电影天堂www.dytt89.com]误杀瞒天记2-2022_BD中英双字.mp4')
('《一秒钟》', 'magnet:?xt=urn:btih:e5a257b949387f7aa57294a243579d1f2bd36ea9&dn=[电影天堂www.dytt89.com]一秒钟-2020_蓝光国语中字.mp4&tr=http://t.t789.me:2710/announce&tr=http://t.t789.co:2710/announce&tr=http://t.t789.vip:2710/announce">magnet:?xt=urn:btih:e5a257b949387f7aa57294a243579d1f2bd36ea9&dn=[电影天堂www.dytt89.com]一秒钟-2020_蓝光国语中字.mp4')('《一秒钟》', 'magnet:?xt=urn:btih:e5a257b949387f7aa57294a243579d1f2bd36ea9&dn=[电影天堂www.dytt89.com]一秒钟-2020_蓝光国语中字.mp4&tr=http://t.t789.me:2710/announce&tr=http://t.t789.co:2710/announce&tr=http://t.t789.vip:2710/announce">magnet:?xt=urn:btih:e5a257b949387f7aa57294a243579d1f2bd36ea9&dn=[电影天堂www.dytt89.com]一秒钟-2020_蓝光国语中字.mp4')
('《共助2：国际》', 'magnet:?xt=urn:btih:5a02a459da49c9422c8e28b5037b1627c262e7bf&dn=[电影天堂www.dytt89.com]共助2：国际-2022_BD韩语中字.mp4&tr=http://t.t789.me:2710/announce&tr=http://t.t789.co:2710/announce&tr=http://t.t789.vip:2710/announce">magnet:?xt=urn:btih:5a02a459da49c9422c8e28b5037b1627c262e7bf&dn=[电影天堂www.dytt89.com]共助2：国际-2022_BD韩语中字.mp4')('《共助2：国际》', 'magnet:?xt=urn:btih:5a02a459da49c9422c8e28b5037b1627c262e7bf&dn=[电影天堂www.dytt89.com]共助2：国际-2022_BD韩语中字.mp4&tr=http://t.t789.me:2710/announce&tr=http://t.t789.co:2710/announce&tr=http://t.t789.vip:2710/announce">magnet:?xt=urn:btih:5a02a459da49c9422c8e28b5037b1627c262e7bf&dn=[电影天堂www.dytt89.com]共助2：国际-2022_BD韩语中字.mp4')
('《寻龙传说》', 'magnet:?xt=urn:btih:10c79474994f957a8eca37ad382cf95ea5330b72&dn=[电影天堂www.dytt89.com]寻龙传说-2021_蓝光国英双语双字.mp4&tr=http://t.t789.me:2710/announce&tr=http://t.t789.co:2710/announce&tr=http://t.t789.vip:2710/announce">magnet:?xt=urn:btih:10c79474994f957a8eca37ad382cf95ea5330b72&dn=[电影天堂www.dytt89.com]寻龙传说-2021_蓝光国英双语双字.mp4')('《寻龙传说》', 'magnet:?xt=urn:btih:10c79474994f957a8eca37ad382cf95ea5330b72&dn=[电影天堂www.dytt89.com]寻龙传说-2021_蓝光国英双语双字.mp4&tr=http://t.t789.me:2710/announce&tr=http://t.t789.co:2710/announce&tr=http://t.t789.vip:2710/announce">magnet:?xt=urn:btih:10c79474994f957a8eca37ad382cf95ea5330b72&dn=[电影天堂www.dytt89.com]寻龙传说-2021_蓝光国英双语双字.mp4')
('《扫黑行动》', 'magnet:?xt=urn:btih:ec2924161e5f2b47a3be8756feab15cde5db6655&dn=[电影天堂www.dytt89.com]扫黑行动-2022_HD国语中字.mp4&tr=http://t.t789.me:2710/announce&tr=http://t.t789.co:2710/announce&tr=http://t.t789.vip:2710/announce">magnet:?xt=urn:btih:ec2924161e5f2b47a3be8756feab15cde5db6655&dn=[电影天堂www.dytt89.com]扫黑行动-2022_HD国语中字.mp4')('《扫黑行动》', 'magnet:?xt=urn:btih:ec2924161e5f2b47a3be8756feab15cde5db6655&dn=[电影天堂www.dytt89.com]扫黑行动-2022_HD国语中字.mp4&tr=http://t.t789.me:2710/announce&tr=http://t.t789.co:2710/announce&tr=http://t.t789.vip:2710/announce">magnet:?xt=urn:btih:ec2924161e5f2b47a3be8756feab15cde5db6655&dn=[电影天堂www.dytt89.com]扫黑行动-2022_HD国语中字.mp4')
('《利刃出鞘2》', 'magnet:?xt=urn:btih:e20337feb0817cedbdf0bde69d946f59ce89589d&dn=[电影天堂www.dytt89.com]利刃出鞘2-2022_BD中英双字.mp4&tr=http://t.t789.me:2710/announce&tr=http://t.t789.co:2710/announce&tr=http://t.t789.vip:2710/announce">magnet:?xt=urn:btih:e20337feb0817cedbdf0bde69d946f59ce89589d&dn=[电影天堂www.dytt89.com]利刃出鞘2-2022_BD中英双字.mp4')('《利刃出鞘2》', 'magnet:?xt=urn:btih:e20337feb0817cedbdf0bde69d946f59ce89589d&dn=[电影天堂www.dytt89.com]利刃出鞘2-2022_BD中英双字.mp4&tr=http://t.t789.me:2710/announce&tr=http://t.t789.co:2710/announce&tr=http://t.t789.vip:2710/announce">magnet:?xt=urn:btih:e20337feb0817cedbdf0bde69d946f59ce89589d&dn=[电影天堂www.dytt89.com]利刃出鞘2-2022_BD中英双字.mp4')
('《万里归途》', 'magnet:?xt=urn:btih:ed41ce125dde91d19896fa655da92aff43bf8ee6&dn=[电影天堂www.dytt89.com]万里归途-2022_HD国语中字.mp4&tr=http://t.t789.me:2710/announce&tr=http://t.t789.co:2710/announce&tr=http://t.t789.vip:2710/announce">magnet:?xt=urn:btih:ed41ce125dde91d19896fa655da92aff43bf8ee6&dn=[电影天堂www.dytt89.com]万里归途-2022_HD国语中字.mp4')('《万里归途》', 'magnet:?xt=urn:btih:ed41ce125dde91d19896fa655da92aff43bf8ee6&dn=[电影天堂www.dytt89.com]万里归途-2022_HD国语中字.mp4&tr=http://t.t789.me:2710/announce&tr=http://t.t789.co:2710/announce&tr=http://t.t789.vip:2710/announce">magnet:?xt=urn:btih:ed41ce125dde91d19896fa655da92aff43bf8ee6&dn=[电影天堂www.dytt89.com]万里归途-2022_HD国语中字.mp4')
('《熊出没·重返地球》', 'magnet:?xt=urn:btih:100f0e1550c7aa11f2d510232ce804f818ae9a0e&dn=[电影天堂www.dytt89.com]熊出没·重返地球-2022_BD国语中字.mp4&tr=http://t.t789.me:2710/announce&tr=http://t.t789.co:2710/announce&tr=http://t.t789.vip:2710/announce">magnet:?xt=urn:btih:100f0e1550c7aa11f2d510232ce804f818ae9a0e&dn=[电影天堂www.dytt89.com]熊出没·重返地球-2022_BD国语中字.mp4')('《熊出没·重返地球》', 'magnet:?xt=urn:btih:100f0e1550c7aa11f2d510232ce804f818ae9a0e&dn=[电影天堂www.dytt89.com]熊出没·重返地球-2022_BD国语中字.mp4&tr=http://t.t789.me:2710/announce&tr=http://t.t789.co:2710/announce&tr=http://t.t789.vip:2710/announce">magnet:?xt=urn:btih:100f0e1550c7aa11f2d510232ce804f818ae9a0e&dn=[电影天堂www.dytt89.com]熊出没·重返地球-2022_BD国语中字.mp4')
('《明日战记》', 'magnet:?xt=urn:btih:d04fe3087f219879b2561839ddfe7cfbf1dcf313&dn=[电影天堂www.dytt89.com]明日战记-2022_HD粤语中字.mp4&tr=http://t.t789.me:2710/announce&tr=http://t.t789.co:2710/announce&tr=http://t.t789.vip:2710/announce">magnet:?xt=urn:btih:d04fe3087f219879b2561839ddfe7cfbf1dcf313&dn=[电影天堂www.dytt89.com]明日战记-2022_HD粤语中字.mp4')('《明日战记》', 'magnet:?xt=urn:btih:d04fe3087f219879b2561839ddfe7cfbf1dcf313&dn=[电影天堂www.dytt89.com]明日战记-2022_HD粤语中字.mp4&tr=http://t.t789.me:2710/announce&tr=http://t.t789.co:2710/announce&tr=http://t.t789.vip:2710/announce">magnet:?xt=urn:btih:d04fe3087f219879b2561839ddfe7cfbf1dcf313&dn=[电影天堂www.dytt89.com]明日战记-2022_HD粤语中字.mp4')
('《哥，你好》', 'magnet:?xt=urn:btih:21e2be538bbf0334d00183f2924403a91a3728d9&dn=[电影天堂www.dytt89.com]哥，你好-2022_HD国语中字.mp4&tr=http://t.t789.me:2710/announce&tr=http://t.t789.co:2710/announce&tr=http://t.t789.vip:2710/announce">magnet:?xt=urn:btih:21e2be538bbf0334d00183f2924403a91a3728d9&dn=[电影天堂www.dytt89.com]哥，你好-2022_HD国语中字.mp4')('《哥，你好》', 'magnet:?xt=urn:btih:21e2be538bbf0334d00183f2924403a91a3728d9&dn=[电影天堂www.dytt89.com]哥，你好-2022_HD国语中字.mp4&tr=http://t.t789.me:2710/announce&tr=http://t.t789.co:2710/announce&tr=http://t.t789.vip:2710/announce">magnet:?xt=urn:btih:21e2be538bbf0334d00183f2924403a91a3728d9&dn=[电影天堂www.dytt89.com]哥，你好-2022_HD国语中字.mp4')
('《黑亚当》', 'magnet:?xt=urn:btih:293526711ccf15866eac68332e44d7ff21ace88b&dn=[电影天堂www.dytt89.com]黑亚当-2022_BD中英双字.mp4&tr=http://t.t789.me:2710/announce&tr=http://t.t789.co:2710/announce&tr=http://t.t789.vip:2710/announce">magnet:?xt=urn:btih:293526711ccf15866eac68332e44d7ff21ace88b&dn=[电影天堂www.dytt89.com]黑亚当-2022_BD中英双字.mp4')('《黑亚当》', 'magnet:?xt=urn:btih:293526711ccf15866eac68332e44d7ff21ace88b&dn=[电影天堂www.dytt89.com]黑亚当-2022_BD中英双字.mp4&tr=http://t.t789.me:2710/announce&tr=http://t.t789.co:2710/announce&tr=http://t.t789.vip:2710/announce">magnet:?xt=urn:btih:293526711ccf15866eac68332e44d7ff21ace88b&dn=[电影天堂www.dytt89.com]黑亚当-2022_BD中英双字.mp4')
('《平凡英雄》', 'magnet:?xt=urn:btih:9a6f0ad3c62f5b169ef836e373815a475ff6da0a&dn=[电影天堂www.dytt89.com]平凡英雄-2022_HD国语中字.mp4&tr=http://t.t789.me:2710/announce&tr=http://t.t789.co:2710/announce&tr=http://t.t789.vip:2710/announce">magnet:?xt=urn:btih:9a6f0ad3c62f5b169ef836e373815a475ff6da0a&dn=[电影天堂www.dytt89.com]平凡英雄-2022_HD国语中字.mp4')('《平凡英雄》', 'magnet:?xt=urn:btih:9a6f0ad3c62f5b169ef836e373815a475ff6da0a&dn=[电影天堂www.dytt89.com]平凡英雄-2022_HD国语中字.mp4&tr=http://t.t789.me:2710/announce&tr=http://t.t789.co:2710/announce&tr=http://t.t789.vip:2710/announce">magnet:?xt=urn:btih:9a6f0ad3c62f5b169ef836e373815a475ff6da0a&dn=[电影天堂www.dytt89.com]平凡英雄-2022_HD国语中字.mp4')
('《倍儿喜欢你》', 'magnet:?xt=urn:btih:f384a563e88ba5ba99b8d8c2d4df7518c70976da&dn=[电影天堂www.dytt89.com]倍儿喜欢你-2023_HD国语中字.mp4&tr=http://t.t789.me:2710/announce&tr=http://t.t789.co:2710/announce&tr=http://t.t789.vip:2710/announce">magnet:?xt=urn:btih:f384a563e88ba5ba99b8d8c2d4df7518c70976da&dn=[电影天堂www.dytt89.com]倍儿喜欢你-2023_HD国语中字.mp4')('《倍儿喜欢你》', 'magnet:?xt=urn:btih:f384a563e88ba5ba99b8d8c2d4df7518c70976da&dn=[电影天堂www.dytt89.com]倍儿喜欢你-2023_HD国语中字.mp4&tr=http://t.t789.me:2710/announce&tr=http://t.t789.co:2710/announce&tr=http://t.t789.vip:2710/announce">magnet:?xt=urn:btih:f384a563e88ba5ba99b8d8c2d4df7518c70976da&dn=[电影天堂www.dytt89.com]倍儿喜欢你-2023_HD国语中字.mp4')
('《怪异伪装》', 'magnet:?xt=urn:btih:4fa3fa3dc259afaa2b5c00b68383c339d37c4365&dn=[电影天堂www.dytt89.com]怪异伪装-2022_BD法语中字.mp4&tr=http://t.t789.me:2710/announce&tr=http://t.t789.co:2710/announce&tr=http://t.t789.vip:2710/announce">magnet:?xt=urn:btih:4fa3fa3dc259afaa2b5c00b68383c339d37c4365&dn=[电影天堂www.dytt89.com]怪异伪装-2022_BD法语中字.mp4')('《怪异伪装》', 'magnet:?xt=urn:btih:4fa3fa3dc259afaa2b5c00b68383c339d37c4365&dn=[电影天堂www.dytt89.com]怪异伪装-2022_BD法语中字.mp4&tr=http://t.t789.me:2710/announce&tr=http://t.t789.co:2710/announce&tr=http://t.t789.vip:2710/announce">magnet:?xt=urn:btih:4fa3fa3dc259afaa2b5c00b68383c339d37c4365&dn=[电影天堂www.dytt89.com]怪异伪装-2022_BD法语中字.mp4')
('《洗屋大师》', 'magnet:?xt=urn:btih:d2944652c4447a42c080be461eba265ac5a59dfa&dn=[电影天堂www.dytt89.com]洗屋大师-2023_HD国语中字.mp4&tr=http://t.t789.me:2710/announce&tr=http://t.t789.co:2710/announce&tr=http://t.t789.vip:2710/announce">magnet:?xt=urn:btih:d2944652c4447a42c080be461eba265ac5a59dfa&dn=[电影天堂www.dytt89.com]洗屋大师-2023_HD国语中字.mp4')('《洗屋大师》', 'magnet:?xt=urn:btih:d2944652c4447a42c080be461eba265ac5a59dfa&dn=[电影天堂www.dytt89.com]洗屋大师-2023_HD国语中字.mp4&tr=http://t.t789.me:2710/announce&tr=http://t.t789.co:2710/announce&tr=http://t.t789.vip:2710/announce">magnet:?xt=urn:btih:d2944652c4447a42c080be461eba265ac5a59dfa&dn=[电影天堂www.dytt89.com]洗屋大师-2023_HD国语中字.mp4')
('《乔蒂的烦恼2》', 'magnet:?xt=urn:btih:0169f2d302ebeb1ee58b47b2a05adc26d433fa11&dn=[电影天堂www.dytt89.com]乔蒂的烦恼2-2022_BD中英双字.mp4&tr=http://t.t789.me:2710/announce&tr=http://t.t789.co:2710/announce&tr=http://t.t789.vip:2710/announce">magnet:?xt=urn:btih:0169f2d302ebeb1ee58b47b2a05adc26d433fa11&dn=[电影天堂www.dytt89.com]乔蒂的烦恼2-2022_BD中英双字.mp4')('《乔蒂的烦恼2》', 'magnet:?xt=urn:btih:0169f2d302ebeb1ee58b47b2a05adc26d433fa11&dn=[电影天堂www.dytt89.com]乔蒂的烦恼2-2022_BD中英双字.mp4&tr=http://t.t789.me:2710/announce&tr=http://t.t789.co:2710/announce&tr=http://t.t789.vip:2710/announce">magnet:?xt=urn:btih:0169f2d302ebeb1ee58b47b2a05adc26d433fa11&dn=[电影天堂www.dytt89.com]乔蒂的烦恼2-2022_BD中英双字.mp4')
('《追星奶奶团》', 'magnet:?xt=urn:btih:80601c61b0d51afacd1f8c29a7ce6da4ee6f84b5&dn=[电影天堂www.dytt89.com]追星奶奶团-2023_BD中英双字.mp4&tr=http://t.t789.me:2710/announce&tr=http://t.t789.co:2710/announce&tr=http://t.t789.vip:2710/announce">magnet:?xt=urn:btih:80601c61b0d51afacd1f8c29a7ce6da4ee6f84b5&dn=[电影天堂www.dytt89.com]追星奶奶团-2023_BD中英双字.mp4')('《追星奶奶团》', 'magnet:?xt=urn:btih:80601c61b0d51afacd1f8c29a7ce6da4ee6f84b5&dn=[电影天堂www.dytt89.com]追星奶奶团-2023_BD中英双字.mp4&tr=http://t.t789.me:2710/announce&tr=http://t.t789.co:2710/announce&tr=http://t.t789.vip:2710/announce">magnet:?xt=urn:btih:80601c61b0d51afacd1f8c29a7ce6da4ee6f84b5&dn=[电影天堂www.dytt89.com]追星奶奶团-2023_BD中英双字.mp4')
('《岁月自珍》', 'magnet:?xt=urn:btih:0b72e1d4ffe9c0bad17d6b9f116665ad2757ae74&dn=[电影天堂www.dytt89.com]岁月自珍-2022_BD中字.mp4&tr=http://t.t789.me:2710/announce&tr=http://t.t789.co:2710/announce&tr=http://t.t789.vip:2710/announce">magnet:?xt=urn:btih:0b72e1d4ffe9c0bad17d6b9f116665ad2757ae74&dn=[电影天堂www.dytt89.com]岁月自珍-2022_BD中字.mp4')('《岁月自珍》', 'magnet:?xt=urn:btih:0b72e1d4ffe9c0bad17d6b9f116665ad2757ae74&dn=[电影天堂www.dytt89.com]岁月自珍-2022_BD中字.mp4&tr=http://t.t789.me:2710/announce&tr=http://t.t789.co:2710/announce&tr=http://t.t789.vip:2710/announce">magnet:?xt=urn:btih:0b72e1d4ffe9c0bad17d6b9f116665ad2757ae74&dn=[电影天堂www.dytt89.com]岁月自珍-2022_BD中字.mp4')
('《爱琴海没有空气》', 'magnet:?xt=urn:btih:c3502caafe81c729616dbdc7ef356be32d00f302&dn=[电影天堂www.dytt89.com]爱琴海没有空气-2023_BD中英双字.mp4&tr=http://t.t789.me:2710/announce&tr=http://t.t789.co:2710/announce&tr=http://t.t789.vip:2710/announce">magnet:?xt=urn:btih:c3502caafe81c729616dbdc7ef356be32d00f302&dn=[电影天堂www.dytt89.com]爱琴海没有空气-2023_BD中英双字.mp4')('《爱琴海没有空气》', 'magnet:?xt=urn:btih:c3502caafe81c729616dbdc7ef356be32d00f302&dn=[电影天堂www.dytt89.com]爱琴海没有空气-2023_BD中英双字.mp4&tr=http://t.t789.me:2710/announce&tr=http://t.t789.co:2710/announce&tr=http://t.t789.vip:2710/announce">magnet:?xt=urn:btih:c3502caafe81c729616dbdc7ef356be32d00f302&dn=[电影天堂www.dytt89.com]爱琴海没有空气-2023_BD中英双字.mp4')
('《真爱导游》', 'magnet:?xt=urn:btih:2cf5a9fe1613366ec495007afe5338924a6fcb57&dn=[电影天堂www.dytt89.com]真爱导游-2023_BD中英双字.mp4&tr=http://t.t789.me:2710/announce&tr=http://t.t789.co:2710/announce&tr=http://t.t789.vip:2710/announce">magnet:?xt=urn:btih:2cf5a9fe1613366ec495007afe5338924a6fcb57&dn=[电影天堂www.dytt89.com]真爱导游-2023_BD中英双字.mp4')('《真爱导游》', 'magnet:?xt=urn:btih:2cf5a9fe1613366ec495007afe5338924a6fcb57&dn=[电影天堂www.dytt89.com]真爱导游-2023_BD中英双字.mp4&tr=http://t.t789.me:2710/announce&tr=http://t.t789.co:2710/announce&tr=http://t.t789.vip:2710/announce">magnet:?xt=urn:btih:2cf5a9fe1613366ec495007afe5338924a6fcb57&dn=[电影天堂www.dytt89.com]真爱导游-2023_BD中英双字.mp4')
('《神出鬼没》', 'magnet:?xt=urn:btih:6d9e32125fd209dacd19c0e702140ac1ed3503bf&dn=[电影天堂www.dytt89.com]神出鬼没-2023_BD中英双字.mp4&tr=http://t.t789.me:2710/announce&tr=http://t.t789.co:2710/announce&tr=http://t.t789.vip:2710/announce">magnet:?xt=urn:btih:6d9e32125fd209dacd19c0e702140ac1ed3503bf&dn=[电影天堂www.dytt89.com]神出鬼没-2023_BD中英双字.mp4')('《神出鬼没》', 'magnet:?xt=urn:btih:6d9e32125fd209dacd19c0e702140ac1ed3503bf&dn=[电影天堂www.dytt89.com]神出鬼没-2023_BD中英双字.mp4&tr=http://t.t789.me:2710/announce&tr=http://t.t789.co:2710/announce&tr=http://t.t789.vip:2710/announce">magnet:?xt=urn:btih:6d9e32125fd209dacd19c0e702140ac1ed3503bf&dn=[电影天堂www.dytt89.com]神出鬼没-2023_BD中英双字.mp4')
('《汉纳斯》', 'magnet:?xt=urn:btih:481d04ac2bcb842869164f49900213d0855b45b9&dn=[电影天堂www.dytt89.com]汉纳斯-2021_BD德语中字.mp4&tr=http://t.t789.me:2710/announce&tr=http://t.t789.co:2710/announce&tr=http://t.t789.vip:2710/announce">magnet:?xt=urn:btih:481d04ac2bcb842869164f49900213d0855b45b9&dn=[电影天堂www.dytt89.com]汉纳斯-2021_BD德语中字.mp4')('《汉纳斯》', 'magnet:?xt=urn:btih:481d04ac2bcb842869164f49900213d0855b45b9&dn=[电影天堂www.dytt89.com]汉纳斯-2021_BD德语中字.mp4&tr=http://t.t789.me:2710/announce&tr=http://t.t789.co:2710/announce&tr=http://t.t789.vip:2710/announce">magnet:?xt=urn:btih:481d04ac2bcb842869164f49900213d0855b45b9&dn=[电影天堂www.dytt89.com]汉纳斯-2021_BD德语中字.mp4')
('《恐龙战队：战士永恒》', 'magnet:?xt=urn:btih:24096a7069b9c73c22b2b41c2cf248e0db894e33&dn=[电影天堂www.dytt89.com]恐龙战队：战士永恒-2023_BD中英双字.mp4&tr=http://t.t789.me:2710/announce&tr=http://t.t789.co:2710/announce&tr=http://t.t789.vip:2710/announce">magnet:?xt=urn:btih:24096a7069b9c73c22b2b41c2cf248e0db894e33&dn=[电影天堂www.dytt89.com]恐龙战队：战士永恒-2023_BD中英双字.mp4')('《恐龙战队：战士永恒》', 'magnet:?xt=urn:btih:24096a7069b9c73c22b2b41c2cf248e0db894e33&dn=[电影天堂www.dytt89.com]恐龙战队：战士永恒-2023_BD中英双字.mp4&tr=http://t.t789.me:2710/announce&tr=http://t.t789.co:2710/announce&tr=http://t.t789.vip:2710/announce">magnet:?xt=urn:btih:24096a7069b9c73c22b2b41c2cf248e0db894e33&dn=[电影天堂www.dytt89.com]恐龙战队：战士永恒-2023_BD中英双字.mp4')
('《纽伦堡》', 'magnet:?xt=urn:btih:b42c5ff76858fc41b6cec3b1da5c8212882ba74a&dn=[电影天堂www.dytt89.com]纽伦堡-2023_BD俄语中字.mp4&tr=http://t.t789.me:2710/announce&tr=http://t.t789.co:2710/announce&tr=http://t.t789.vip:2710/announce">magnet:?xt=urn:btih:b42c5ff76858fc41b6cec3b1da5c8212882ba74a&dn=[电影天堂www.dytt89.com]纽伦堡-2023_BD俄语中字.mp4')('《纽伦堡》', 'magnet:?xt=urn:btih:b42c5ff76858fc41b6cec3b1da5c8212882ba74a&dn=[电影天堂www.dytt89.com]纽伦堡-2023_BD俄语中字.mp4&tr=http://t.t789.me:2710/announce&tr=http://t.t789.co:2710/announce&tr=http://t.t789.vip:2710/announce">magnet:?xt=urn:btih:b42c5ff76858fc41b6cec3b1da5c8212882ba74a&dn=[电影天堂www.dytt89.com]纽伦堡-2023_BD俄语中字.mp4')
('《爱的界线》', 'magnet:?xt=urn:btih:be90b42589461fdf296559ee8a6bf53d293c57e4&dn=[电影天堂www.dytt89.com]爱的界线-2022_BD中字.mp4&tr=http://t.t789.me:2710/announce&tr=http://t.t789.co:2710/announce&tr=http://t.t789.vip:2710/announce">magnet:?xt=urn:btih:be90b42589461fdf296559ee8a6bf53d293c57e4&dn=[电影天堂www.dytt89.com]爱的界线-2022_BD中字.mp4')('《爱的界线》', 'magnet:?xt=urn:btih:be90b42589461fdf296559ee8a6bf53d293c57e4&dn=[电影天堂www.dytt89.com]爱的界线-2022_BD中字.mp4&tr=http://t.t789.me:2710/announce&tr=http://t.t789.co:2710/announce&tr=http://t.t789.vip:2710/announce">magnet:?xt=urn:btih:be90b42589461fdf296559ee8a6bf53d293c57e4&dn=[电影天堂www.dytt89.com]爱的界线-2022_BD中字.mp4')
('《一射千金：Pornhub的故事》', 'magnet:?xt=urn:btih:aee27c05986b6d2f9c72aeb01106818c7337010e&dn=[电影天堂www.dytt89.com]一射千金：Pornhub的故事-2023_BD中英双字.mp4&tr=http://t.t789.me:2710/announce&tr=http://t.t789.co:2710/announce&tr=http://t.t789.vip:2710/announce">magnet:?xt=urn:btih:aee27c05986b6d2f9c72aeb01106818c7337010e&dn=[电影天堂www.dytt89.com]一射千金：Pornhub的故事-2023_BD中英双字.mp4')('《一射千金：Pornhub的故事》', 'magnet:?xt=urn:btih:aee27c05986b6d2f9c72aeb01106818c7337010e&dn=[电影天堂www.dytt89.com]一射千金：Pornhub的故事-2023_BD中英双字.mp4&tr=http://t.t789.me:2710/announce&tr=http://t.t789.co:2710/announce&tr=http://t.t789.vip:2710/announce">magnet:?xt=urn:btih:aee27c05986b6d2f9c72aeb01106818c7337010e&dn=[电影天堂www.dytt89.com]一射千金：Pornhub的故事-2023_BD中英双字.mp4')
('《朋友》', 'magnet:?xt=urn:btih:e9f07d2fd7b51e7be568eb9626a7069cae1f0c60&dn=[电影天堂www.dytt89.com]朋友-2023_BD泰卢固语中字.mp4&tr=http://t.t789.me:2710/announce&tr=http://t.t789.co:2710/announce&tr=http://t.t789.vip:2710/announce">magnet:?xt=urn:btih:e9f07d2fd7b51e7be568eb9626a7069cae1f0c60&dn=[电影天堂www.dytt89.com]朋友-2023_BD泰卢固语中字.mp4')('《朋友》', 'magnet:?xt=urn:btih:e9f07d2fd7b51e7be568eb9626a7069cae1f0c60&dn=[电影天堂www.dytt89.com]朋友-2023_BD泰卢固语中字.mp4&tr=http://t.t789.me:2710/announce&tr=http://t.t789.co:2710/announce&tr=http://t.t789.vip:2710/announce">magnet:?xt=urn:btih:e9f07d2fd7b51e7be568eb9626a7069cae1f0c60&dn=[电影天堂www.dytt89.com]朋友-2023_BD泰卢固语中字.mp4')
('《穿越火线》', 'magnet:?xt=urn:btih:d705ba03d3938f9a74e6f8f608ba7a1f73f5f504&dn=[电影天堂www.dytt89.com]穿越火线-2012_蓝光中字.mp4&tr=http://t.t789.me:2710/announce&tr=http://t.t789.co:2710/announce&tr=http://t.t789.vip:2710/announce">magnet:?xt=urn:btih:d705ba03d3938f9a74e6f8f608ba7a1f73f5f504&dn=[电影天堂www.dytt89.com]穿越火线-2012_蓝光中字.mp4')('《穿越火线》', 'magnet:?xt=urn:btih:d705ba03d3938f9a74e6f8f608ba7a1f73f5f504&dn=[电影天堂www.dytt89.com]穿越火线-2012_蓝光中字.mp4&tr=http://t.t789.me:2710/announce&tr=http://t.t789.co:2710/announce&tr=http://t.t789.vip:2710/announce">magnet:?xt=urn:btih:d705ba03d3938f9a74e6f8f608ba7a1f73f5f504&dn=[电影天堂www.dytt89.com]穿越火线-2012_蓝光中字.mp4')
('《博物馆奇妙夜3》', 'magnet:?xt=urn:btih:09b4527f7d35ca53b7a5e6bd9d1eb18c820331aa&dn=[电影天堂www.dytt89.com]博物馆奇妙夜3-2014_蓝光中英双字.mp4&tr=http://t.t789.me:2710/announce&tr=http://t.t789.co:2710/announce&tr=http://t.t789.vip:2710/announce">magnet:?xt=urn:btih:09b4527f7d35ca53b7a5e6bd9d1eb18c820331aa&dn=[电影天堂www.dytt89.com]博物馆奇妙夜3-2014_蓝光中英双字.mp4')('《博物馆奇妙夜3》', 'magnet:?xt=urn:btih:09b4527f7d35ca53b7a5e6bd9d1eb18c820331aa&dn=[电影天堂www.dytt89.com]博物馆奇妙夜3-2014_蓝光中英双字.mp4&tr=http://t.t789.me:2710/announce&tr=http://t.t789.co:2710/announce&tr=http://t.t789.vip:2710/announce">magnet:?xt=urn:btih:09b4527f7d35ca53b7a5e6bd9d1eb18c820331aa&dn=[电影天堂www.dytt89.com]博物馆奇妙夜3-2014_蓝光中英双字.mp4')
('《博物馆奇妙夜》', 'magnet:?xt=urn:btih:1508a8216c38f2cd8e187a90f39d108b0583275d&dn=[电影天堂www.dytt89.com]博物馆奇妙夜-2006_蓝光国英双语双字.mp4&tr=http://t.t789.me:2710/announce&tr=http://t.t789.co:2710/announce&tr=http://t.t789.vip:2710/announce">magnet:?xt=urn:btih:1508a8216c38f2cd8e187a90f39d108b0583275d&dn=[电影天堂www.dytt89.com]博物馆奇妙夜-2006_蓝光国英双语双字.mp4')('《博物馆奇妙夜》', 'magnet:?xt=urn:btih:1508a8216c38f2cd8e187a90f39d108b0583275d&dn=[电影天堂www.dytt89.com]博物馆奇妙夜-2006_蓝光国英双语双字.mp4&tr=http://t.t789.me:2710/announce&tr=http://t.t789.co:2710/announce&tr=http://t.t789.vip:2710/announce">magnet:?xt=urn:btih:1508a8216c38f2cd8e187a90f39d108b0583275d&dn=[电影天堂www.dytt89.com]博物馆奇妙夜-2006_蓝光国英双语双字.mp4')
('《虎胆龙威5》', 'magnet:?xt=urn:btih:8ded71cf2cf7867846626853801b7af2d5ef54e2&dn=[电影天堂www.dytt89.com]虎胆龙威5-2013_蓝光国英双语双字.mp4&tr=http://t.t789.me:2710/announce&tr=http://t.t789.co:2710/announce&tr=http://t.t789.vip:2710/announce">magnet:?xt=urn:btih:8ded71cf2cf7867846626853801b7af2d5ef54e2&dn=[电影天堂www.dytt89.com]虎胆龙威5-2013_蓝光国英双语双字.mp4')('《虎胆龙威5》', 'magnet:?xt=urn:btih:8ded71cf2cf7867846626853801b7af2d5ef54e2&dn=[电影天堂www.dytt89.com]虎胆龙威5-2013_蓝光国英双语双字.mp4&tr=http://t.t789.me:2710/announce&tr=http://t.t789.co:2710/announce&tr=http://t.t789.vip:2710/announce">magnet:?xt=urn:btih:8ded71cf2cf7867846626853801b7af2d5ef54e2&dn=[电影天堂www.dytt89.com]虎胆龙威5-2013_蓝光国英双语双字.mp4')
('《流浪地球》', 'magnet:?xt=urn:btih:11df1f8a4b678f4dba67e45d426f8730ea522bab&dn=[电影天堂www.dytt89.com]流浪地球-2019_蓝光国语中字.mp4&tr=http://t.t789.me:2710/announce&tr=http://t.t789.co:2710/announce&tr=http://t.t789.vip:2710/announce">magnet:?xt=urn:btih:11df1f8a4b678f4dba67e45d426f8730ea522bab&dn=[电影天堂www.dytt89.com]流浪地球-2019_蓝光国语中字.mp4')('《流浪地球》', 'magnet:?xt=urn:btih:11df1f8a4b678f4dba67e45d426f8730ea522bab&dn=[电影天堂www.dytt89.com]流浪地球-2019_蓝光国语中字.mp4&tr=http://t.t789.me:2710/announce&tr=http://t.t789.co:2710/announce&tr=http://t.t789.vip:2710/announce">magnet:?xt=urn:btih:11df1f8a4b678f4dba67e45d426f8730ea522bab&dn=[电影天堂www.dytt89.com]流浪地球-2019_蓝光国语中字.mp4')
('《帝国的毁灭》', 'magnet:?xt=urn:btih:063f7092abebdca452044ed27abcba0b4be3d4ad&dn=[电影天堂www.dytt89.com]帝国的毁灭-2004_蓝光国英双语双字.mp4&tr=http://t.t789.me:2710/announce&tr=http://t.t789.co:2710/announce&tr=http://t.t789.vip:2710/announce">magnet:?xt=urn:btih:063f7092abebdca452044ed27abcba0b4be3d4ad&dn=[电影天堂www.dytt89.com]帝国的毁灭-2004_蓝光国英双语双字.mp4')('《帝国的毁灭》', 'magnet:?xt=urn:btih:063f7092abebdca452044ed27abcba0b4be3d4ad&dn=[电影天堂www.dytt89.com]帝国的毁灭-2004_蓝光国英双语双字.mp4&tr=http://t.t789.me:2710/announce&tr=http://t.t789.co:2710/announce&tr=http://t.t789.vip:2710/announce">magnet:?xt=urn:btih:063f7092abebdca452044ed27abcba0b4be3d4ad&dn=[电影天堂www.dytt89.com]帝国的毁灭-2004_蓝光国英双语双字.mp4')
('《军鸡》', 'magnet:?xt=urn:btih:bba016c978739a9b18e9a55552fda89dda4554fc&dn=[电影天堂www.dytt89.com]军鸡-2007_蓝光国粤双语中字.mp4&tr=http://t.t789.me:2710/announce&tr=http://t.t789.co:2710/announce&tr=http://t.t789.vip:2710/announce">magnet:?xt=urn:btih:bba016c978739a9b18e9a55552fda89dda4554fc&dn=[电影天堂www.dytt89.com]军鸡-2007_蓝光国粤双语中字.mp4')('《军鸡》', 'magnet:?xt=urn:btih:bba016c978739a9b18e9a55552fda89dda4554fc&dn=[电影天堂www.dytt89.com]军鸡-2007_蓝光国粤双语中字.mp4&tr=http://t.t789.me:2710/announce&tr=http://t.t789.co:2710/announce&tr=http://t.t789.vip:2710/announce">magnet:?xt=urn:btih:bba016c978739a9b18e9a55552fda89dda4554fc&dn=[电影天堂www.dytt89.com]军鸡-2007_蓝光国粤双语中字.mp4')
('《疯狂原始人2》', 'magnet:?xt=urn:btih:306b474f42eddd3bb77e471f8530388604a8b74e&dn=[电影天堂www.dytt89.com]疯狂原始人2-2020_蓝光国英双语中英双字.mp4&tr=http://t.t789.me:2710/announce&tr=http://t.t789.co:2710/announce&tr=http://t.t789.vip:2710/announce">magnet:?xt=urn:btih:306b474f42eddd3bb77e471f8530388604a8b74e&dn=[电影天堂www.dytt89.com]疯狂原始人2-2020_蓝光国英双语中英双字.mp4')('《疯狂原始人2》', 'magnet:?xt=urn:btih:306b474f42eddd3bb77e471f8530388604a8b74e&dn=[电影天堂www.dytt89.com]疯狂原始人2-2020_蓝光国英双语中英双字.mp4&tr=http://t.t789.me:2710/announce&tr=http://t.t789.co:2710/announce&tr=http://t.t789.vip:2710/announce">magnet:?xt=urn:btih:306b474f42eddd3bb77e471f8530388604a8b74e&dn=[电影天堂www.dytt89.com]疯狂原始人2-2020_蓝光国英双语中英双字.mp4')
('《心链》', 'magnet:?xt=urn:btih:240e85748d80f6addc42c55a53176a22bb32ceeb&dn=心链第10集.mp4&tr=http://t.t789.me:2710/announce&tr=http://t.t789.co:2710/announce&tr=http://t.t789.vip:2710/announce">magnet:?xt=urn:btih:240e85748d80f6addc42c55a53176a22bb32ceeb&dn=心链第10集.mp4')('《心链》', 'magnet:?xt=urn:btih:240e85748d80f6addc42c55a53176a22bb32ceeb&dn=心链第10集.mp4&tr=http://t.t789.me:2710/announce&tr=http://t.t789.co:2710/announce&tr=http://t.t789.vip:2710/announce">magnet:?xt=urn:btih:240e85748d80f6addc42c55a53176a22bb32ceeb&dn=心链第10集.mp4')
('《床友》', 'magnet:?xt=urn:btih:c9071924eee8b44e30dc6ba285ce7ac544a8a054&dn=床友第10集.mp4&tr=http://t.t789.me:2710/announce&tr=http://t.t789.co:2710/announce&tr=http://t.t789.vip:2710/announce">magnet:?xt=urn:btih:c9071924eee8b44e30dc6ba285ce7ac544a8a054&dn=床友第10集.mp4')('《床友》', 'magnet:?xt=urn:btih:c9071924eee8b44e30dc6ba285ce7ac544a8a054&dn=床友第10集.mp4&tr=http://t.t789.me:2710/announce&tr=http://t.t789.co:2710/announce&tr=http://t.t789.vip:2710/announce">magnet:?xt=urn:btih:c9071924eee8b44e30dc6ba285ce7ac544a8a054&dn=床友第10集.mp4')
('《青春之城》', 'magnet:?xt=urn:btih:3c14ad82112cba80c517e767e47ec4f5620d22c3&dn=青春之城第22集.mp4&tr=http://t.t789.me:2710/announce&tr=http://t.t789.co:2710/announce&tr=http://t.t789.vip:2710/announce">magnet:?xt=urn:btih:3c14ad82112cba80c517e767e47ec4f5620d22c3&dn=青春之城第22集.mp4')('《青春之城》', 'magnet:?xt=urn:btih:3c14ad82112cba80c517e767e47ec4f5620d22c3&dn=青春之城第22集.mp4&tr=http://t.t789.me:2710/announce&tr=http://t.t789.co:2710/announce&tr=http://t.t789.vip:2710/announce">magnet:?xt=urn:btih:3c14ad82112cba80c517e767e47ec4f5620d22c3&dn=青春之城第22集.mp4')
('《不良执念清除师》', 'magnet:?xt=urn:btih:5a82eed3d9b02fa47b5a24ed7b555bf8b704e18b&dn=不良执念清除师第6集.mp4&tr=http://t.t789.me:2710/announce&tr=http://t.t789.co:2710/announce&tr=http://t.t789.vip:2710/announce">magnet:?xt=urn:btih:5a82eed3d9b02fa47b5a24ed7b555bf8b704e18b&dn=不良执念清除师第6集.mp4')('《不良执念清除师》', 'magnet:?xt=urn:btih:5a82eed3d9b02fa47b5a24ed7b555bf8b704e18b&dn=不良执念清除师第6集.mp4&tr=http://t.t789.me:2710/announce&tr=http://t.t789.co:2710/announce&tr=http://t.t789.vip:2710/announce">magnet:?xt=urn:btih:5a82eed3d9b02fa47b5a24ed7b555bf8b704e18b&dn=不良执念清除师第6集.mp4')
('《无眠之境》', 'magnet:?xt=urn:btih:4808505325d740ba2e9762ce29256ae6e9e420eb&dn=无眠之境第6集.mp4&tr=http://t.t789.me:2710/announce&tr=http://t.t789.co:2710/announce&tr=http://t.t789.vip:2710/announce">magnet:?xt=urn:btih:4808505325d740ba2e9762ce29256ae6e9e420eb&dn=无眠之境第6集.mp4')('《无眠之境》', 'magnet:?xt=urn:btih:4808505325d740ba2e9762ce29256ae6e9e420eb&dn=无眠之境第6集.mp4&tr=http://t.t789.me:2710/announce&tr=http://t.t789.co:2710/announce&tr=http://t.t789.vip:2710/announce">magnet:?xt=urn:btih:4808505325d740ba2e9762ce29256ae6e9e420eb&dn=无眠之境第6集.mp4')
('《战火中的青春》', 'magnet:?xt=urn:btih:68447d3b3cc74d90bd843c5813bde8865dc0e49e&dn=战火中的青春第2集.mp4&tr=http://t.t789.me:2710/announce&tr=http://t.t789.co:2710/announce&tr=http://t.t789.vip:2710/announce">magnet:?xt=urn:btih:68447d3b3cc74d90bd843c5813bde8865dc0e49e&dn=战火中的青春第2集.mp4')('《战火中的青春》', 'magnet:?xt=urn:btih:68447d3b3cc74d90bd843c5813bde8865dc0e49e&dn=战火中的青春第2集.mp4&tr=http://t.t789.me:2710/announce&tr=http://t.t789.co:2710/announce&tr=http://t.t789.vip:2710/announce">magnet:?xt=urn:btih:68447d3b3cc74d90bd843c5813bde8865dc0e49e&dn=战火中的青春第2集.mp4')
('《凌云志》', 'magnet:?xt=urn:btih:867999a28239c02d16342fc637f8db99d3e56c07&dn=凌云志第19集.mp4&tr=http://t.t789.me:2710/announce&tr=http://t.t789.co:2710/announce&tr=http://t.t789.vip:2710/announce">magnet:?xt=urn:btih:867999a28239c02d16342fc637f8db99d3e56c07&dn=凌云志第19集.mp4')('《凌云志》', 'magnet:?xt=urn:btih:867999a28239c02d16342fc637f8db99d3e56c07&dn=凌云志第19集.mp4&tr=http://t.t789.me:2710/announce&tr=http://t.t789.co:2710/announce&tr=http://t.t789.vip:2710/announce">magnet:?xt=urn:btih:867999a28239c02d16342fc637f8db99d3e56c07&dn=凌云志第19集.mp4')
('《漫长的季节》', 'magnet:?xt=urn:btih:a80ec29d451254b7704ca7877cf73d5636224ddb&dn=漫长的季节第04集.mp4&tr=http://t.t789.me:2710/announce&tr=http://t.t789.co:2710/announce&tr=http://t.t789.vip:2710/announce">magnet:?xt=urn:btih:a80ec29d451254b7704ca7877cf73d5636224ddb&dn=漫长的季节第04集.mp4')('《漫长的季节》', 'magnet:?xt=urn:btih:a80ec29d451254b7704ca7877cf73d5636224ddb&dn=漫长的季节第04集.mp4&tr=http://t.t789.me:2710/announce&tr=http://t.t789.co:2710/announce&tr=http://t.t789.vip:2710/announce">magnet:?xt=urn:btih:a80ec29d451254b7704ca7877cf73d5636224ddb&dn=漫长的季节第04集.mp4')
('《龙城》', 'magnet:?xt=urn:btih:09315d815b0be2944caec10c4327ea7709bdd8b4&dn=龙城第22集.mp4&tr=http://t.t789.me:2710/announce&tr=http://t.t789.co:2710/announce&tr=http://t.t789.vip:2710/announce">magnet:?xt=urn:btih:09315d815b0be2944caec10c4327ea7709bdd8b4&dn=龙城第22集.mp4')('《龙城》', 'magnet:?xt=urn:btih:09315d815b0be2944caec10c4327ea7709bdd8b4&dn=龙城第22集.mp4&tr=http://t.t789.me:2710/announce&tr=http://t.t789.co:2710/announce&tr=http://t.t789.vip:2710/announce">magnet:?xt=urn:btih:09315d815b0be2944caec10c4327ea7709bdd8b4&dn=龙城第22集.mp4')
('《不就是拔河么》', 'magnet:?xt=urn:btih:923402b435bd2cc35defc0daa7ab9852414bea53&dn=不就是拔河么第16集.mp4&tr=http://t.t789.me:2710/announce&tr=http://t.t789.co:2710/announce&tr=http://t.t789.vip:2710/announce">magnet:?xt=urn:btih:923402b435bd2cc35defc0daa7ab9852414bea53&dn=不就是拔河么第16集.mp4')('《不就是拔河么》', 'magnet:?xt=urn:btih:923402b435bd2cc35defc0daa7ab9852414bea53&dn=不就是拔河么第16集.mp4&tr=http://t.t789.me:2710/announce&tr=http://t.t789.co:2710/announce&tr=http://t.t789.vip:2710/announce">magnet:?xt=urn:btih:923402b435bd2cc35defc0daa7ab9852414bea53&dn=不就是拔河么第16集.mp4')
('《长月烬明》', 'magnet:?xt=urn:btih:7e97ce9ec383dfdfe54f93336e37f5f2079a9167&dn=长月烬明第26集.mp4&tr=http://t.t789.me:2710/announce&tr=http://t.t789.co:2710/announce&tr=http://t.t789.vip:2710/announce">magnet:?xt=urn:btih:7e97ce9ec383dfdfe54f93336e37f5f2079a9167&dn=长月烬明第26集.mp4')('《长月烬明》', 'magnet:?xt=urn:btih:7e97ce9ec383dfdfe54f93336e37f5f2079a9167&dn=长月烬明第26集.mp4&tr=http://t.t789.me:2710/announce&tr=http://t.t789.co:2710/announce&tr=http://t.t789.vip:2710/announce">magnet:?xt=urn:btih:7e97ce9ec383dfdfe54f93336e37f5f2079a9167&dn=长月烬明第26集.mp4')
('《欢乐颂4》', 'magnet:?xt=urn:btih:fbc1364b8af6cd74d9e67ba8320eb6ce42cfaa55&dn=欢乐颂4第35集.mp4&tr=http://t.t789.me:2710/announce&tr=http://t.t789.co:2710/announce&tr=http://t.t789.vip:2710/announce">magnet:?xt=urn:btih:fbc1364b8af6cd74d9e67ba8320eb6ce42cfaa55&dn=欢乐颂4第35集.mp4')('《欢乐颂4》', 'magnet:?xt=urn:btih:fbc1364b8af6cd74d9e67ba8320eb6ce42cfaa55&dn=欢乐颂4第35集.mp4&tr=http://t.t789.me:2710/announce&tr=http://t.t789.co:2710/announce&tr=http://t.t789.vip:2710/announce">magnet:?xt=urn:btih:fbc1364b8af6cd74d9e67ba8320eb6ce42cfaa55&dn=欢乐颂4第35集.mp4')
('《瞧！你这小脾气》', 'magnet:?xt=urn:btih:4be89fea550bfce3f1a65bf6fb67d50a0a987574&dn=瞧！你这小脾气第18集.mp4&tr=http://t.t789.me:2710/announce&tr=http://t.t789.co:2710/announce&tr=http://t.t789.vip:2710/announce">magnet:?xt=urn:btih:4be89fea550bfce3f1a65bf6fb67d50a0a987574&dn=瞧！你这小脾气第18集.mp4')('《瞧！你这小脾气》', 'magnet:?xt=urn:btih:4be89fea550bfce3f1a65bf6fb67d50a0a987574&dn=瞧！你这小脾气第18集.mp4&tr=http://t.t789.me:2710/announce&tr=http://t.t789.co:2710/announce&tr=http://t.t789.vip:2710/announce">magnet:?xt=urn:btih:4be89fea550bfce3f1a65bf6fb67d50a0a987574&dn=瞧！你这小脾气第18集.mp4')
('《看见缘分的少女》', 'magnet:?xt=urn:btih:49023b3dc053d04ad42e31ba27a50e0890bbaeba&dn=看见缘分的少女第24集.mp4&tr=http://t.t789.me:2710/announce&tr=http://t.t789.co:2710/announce&tr=http://t.t789.vip:2710/announce">magnet:?xt=urn:btih:49023b3dc053d04ad42e31ba27a50e0890bbaeba&dn=看见缘分的少女第24集.mp4')('《看见缘分的少女》', 'magnet:?xt=urn:btih:49023b3dc053d04ad42e31ba27a50e0890bbaeba&dn=看见缘分的少女第24集.mp4&tr=http://t.t789.me:2710/announce&tr=http://t.t789.co:2710/announce&tr=http://t.t789.vip:2710/announce">magnet:?xt=urn:btih:49023b3dc053d04ad42e31ba27a50e0890bbaeba&dn=看见缘分的少女第24集.mp4')
('《替嫁新娘》', 'magnet:?xt=urn:btih:bfb31a4b267a8096ce7f35ae6c816d9f2df9c23b&dn=替嫁新娘第13集.mp4&tr=http://t.t789.me:2710/announce&tr=http://t.t789.co:2710/announce&tr=http://t.t789.vip:2710/announce">magnet:?xt=urn:btih:bfb31a4b267a8096ce7f35ae6c816d9f2df9c23b&dn=替嫁新娘第13集.mp4')('《替嫁新娘》', 'magnet:?xt=urn:btih:bfb31a4b267a8096ce7f35ae6c816d9f2df9c23b&dn=替嫁新娘第13集.mp4&tr=http://t.t789.me:2710/announce&tr=http://t.t789.co:2710/announce&tr=http://t.t789.vip:2710/announce">magnet:?xt=urn:btih:bfb31a4b267a8096ce7f35ae6c816d9f2df9c23b&dn=替嫁新娘第13集.mp4')
('《潘多拉：被操纵的乐园》', 'magnet:?xt=urn:btih:1ee869cfd7279e3d8bc43d18cb4eefc35f75324c&dn=潘多拉：被操纵的乐园第14集.mp4&tr=http://t.t789.me:2710/announce&tr=http://t.t789.co:2710/announce&tr=http://t.t789.vip:2710/announce">magnet:?xt=urn:btih:1ee869cfd7279e3d8bc43d18cb4eefc35f75324c&dn=潘多拉：被操纵的乐园第14集.mp4')('《潘多拉：被操纵的乐园》', 'magnet:?xt=urn:btih:1ee869cfd7279e3d8bc43d18cb4eefc35f75324c&dn=潘多拉：被操纵的乐园第14集.mp4&tr=http://t.t789.me:2710/announce&tr=http://t.t789.co:2710/announce&tr=http://t.t789.vip:2710/announce">magnet:?xt=urn:btih:1ee869cfd7279e3d8bc43d18cb4eefc35f75324c&dn=潘多拉：被操纵的乐园第14集.mp4')
('《医生车智淑》', 'magnet:?xt=urn:btih:b5310b9cfb11a4c27246e1102662c71c931e2d30&dn=医生车智淑第04集.mp4&tr=http://t.t789.me:2710/announce&tr=http://t.t789.co:2710/announce&tr=http://t.t789.vip:2710/announce">magnet:?xt=urn:btih:b5310b9cfb11a4c27246e1102662c71c931e2d30&dn=医生车智淑第04集.mp4')('《医生车智淑》', 'magnet:?xt=urn:btih:b5310b9cfb11a4c27246e1102662c71c931e2d30&dn=医生车智淑第04集.mp4&tr=http://t.t789.me:2710/announce&tr=http://t.t789.co:2710/announce&tr=http://t.t789.vip:2710/announce">magnet:?xt=urn:btih:b5310b9cfb11a4c27246e1102662c71c931e2d30&dn=医生车智淑第04集.mp4')
('《模范出租车2》', 'magnet:?xt=urn:btih:689a4d446ecfa8d6ccb15f73c71f9a0c452c71c6&dn=模范出租车2SP02.mp4&tr=http://t.t789.me:2710/announce&tr=http://t.t789.co:2710/announce&tr=http://t.t789.vip:2710/announce">magnet:?xt=urn:btih:689a4d446ecfa8d6ccb15f73c71f9a0c452c71c6&dn=模范出租车2SP02.mp4')('《模范出租车2》', 'magnet:?xt=urn:btih:689a4d446ecfa8d6ccb15f73c71f9a0c452c71c6&dn=模范出租车2SP02.mp4&tr=http://t.t789.me:2710/announce&tr=http://t.t789.co:2710/announce&tr=http://t.t789.vip:2710/announce">magnet:?xt=urn:btih:689a4d446ecfa8d6ccb15f73c71f9a0c452c71c6&dn=模范出租车2SP02.mp4')
('《朝鲜律师》', 'magnet:?xt=urn:btih:429c1def1016d1a477c605be70df0d1e6417e3c0&dn=朝鲜律师第08集.mp4&tr=http://t.t789.me:2710/announce&tr=http://t.t789.co:2710/announce&tr=http://t.t789.vip:2710/announce">magnet:?xt=urn:btih:429c1def1016d1a477c605be70df0d1e6417e3c0&dn=朝鲜律师第08集.mp4')('《朝鲜律师》', 'magnet:?xt=urn:btih:429c1def1016d1a477c605be70df0d1e6417e3c0&dn=朝鲜律师第08集.mp4&tr=http://t.t789.me:2710/announce&tr=http://t.t789.co:2710/announce&tr=http://t.t789.vip:2710/announce">magnet:?xt=urn:btih:429c1def1016d1a477c605be70df0d1e6417e3c0&dn=朝鲜律师第08集.mp4')
('《巧克力医生》', 'magnet:?xt=urn:btih:2b23e4a04dc06b1547d627edcf35a2b92e50a56d&dn=巧克力医生第01集.mp4&tr=http://t.t789.me:2710/announce&tr=http://t.t789.co:2710/announce&tr=http://t.t789.vip:2710/announce">magnet:?xt=urn:btih:2b23e4a04dc06b1547d627edcf35a2b92e50a56d&dn=巧克力医生第01集.mp4')('《巧克力医生》', 'magnet:?xt=urn:btih:2b23e4a04dc06b1547d627edcf35a2b92e50a56d&dn=巧克力医生第01集.mp4&tr=http://t.t789.me:2710/announce&tr=http://t.t789.co:2710/announce&tr=http://t.t789.vip:2710/announce">magnet:?xt=urn:btih:2b23e4a04dc06b1547d627edcf35a2b92e50a56d&dn=巧克力医生第01集.mp4')
('《课后战争活动 第二季》', 'magnet:?xt=urn:btih:f128e1f783be99d983cabe0ef637db5b550fa132&dn=课后战争活动第二季第04集.mp4&tr=http://t.t789.me:2710/announce&tr=http://t.t789.co:2710/announce&tr=http://t.t789.vip:2710/announce">magnet:?xt=urn:btih:f128e1f783be99d983cabe0ef637db5b550fa132&dn=课后战争活动第二季第04集.mp4')('《课后战争活动 第二季》', 'magnet:?xt=urn:btih:f128e1f783be99d983cabe0ef637db5b550fa132&dn=课后战争活动第二季第04集.mp4&tr=http://t.t789.me:2710/announce&tr=http://t.t789.co:2710/announce&tr=http://t.t789.vip:2710/announce">magnet:?xt=urn:btih:f128e1f783be99d983cabe0ef637db5b550fa132&dn=课后战争活动第二季第04集.mp4')
('《诱饵》', 'magnet:?xt=urn:btih:823dbf881e1ed2fe334f40d5ae9bbe2130c5a7e9&dn=诱饵第12集.mp4&tr=http://t.t789.me:2710/announce&tr=http://t.t789.co:2710/announce&tr=http://t.t789.vip:2710/announce">magnet:?xt=urn:btih:823dbf881e1ed2fe334f40d5ae9bbe2130c5a7e9&dn=诱饵第12集.mp4')('《诱饵》', 'magnet:?xt=urn:btih:823dbf881e1ed2fe334f40d5ae9bbe2130c5a7e9&dn=诱饵第12集.mp4&tr=http://t.t789.me:2710/announce&tr=http://t.t789.co:2710/announce&tr=http://t.t789.vip:2710/announce">magnet:?xt=urn:btih:823dbf881e1ed2fe334f40d5ae9bbe2130c5a7e9&dn=诱饵第12集.mp4')
('《Stealer：七个朝鲜通宝》', 'magnet:?xt=urn:btih:bcf31f77d4faea09eada453862cfe638d6f0e67a&dn=Stealer：七个朝鲜通宝第04集.mp4&tr=http://t.t789.me:2710/announce&tr=http://t.t789.co:2710/announce&tr=http://t.t789.vip:2710/announce">magnet:?xt=urn:btih:bcf31f77d4faea09eada453862cfe638d6f0e67a&dn=Stealer：七个朝鲜通宝第04集.mp4')('《Stealer：七个朝鲜通宝》', 'magnet:?xt=urn:btih:bcf31f77d4faea09eada453862cfe638d6f0e67a&dn=Stealer：七个朝鲜通宝第04集.mp4&tr=http://t.t789.me:2710/announce&tr=http://t.t789.co:2710/announce&tr=http://t.t789.vip:2710/announce">magnet:?xt=urn:btih:bcf31f77d4faea09eada453862cfe638d6f0e67a&dn=Stealer：七个朝鲜通宝第04集.mp4')
('《神之水滴》', 'magnet:?xt=urn:btih:10d09f5c39d2bc3ea709c21dcb0f98b1ffdbd0e2&dn=神之水滴第02集.mp4&tr=http://t.t789.me:2710/announce&tr=http://t.t789.co:2710/announce&tr=http://t.t789.vip:2710/announce">magnet:?xt=urn:btih:10d09f5c39d2bc3ea709c21dcb0f98b1ffdbd0e2&dn=神之水滴第02集.mp4')('《神之水滴》', 'magnet:?xt=urn:btih:10d09f5c39d2bc3ea709c21dcb0f98b1ffdbd0e2&dn=神之水滴第02集.mp4&tr=http://t.t789.me:2710/announce&tr=http://t.t789.co:2710/announce&tr=http://t.t789.vip:2710/announce">magnet:?xt=urn:btih:10d09f5c39d2bc3ea709c21dcb0f98b1ffdbd0e2&dn=神之水滴第02集.mp4')
('《看！黛博拉》', 'magnet:?xt=urn:btih:0fcdff06a16f724862f928b61128924628739c02&dn=看！黛博拉第04集.mp4&tr=http://t.t789.me:2710/announce&tr=http://t.t789.co:2710/announce&tr=http://t.t789.vip:2710/announce">magnet:?xt=urn:btih:0fcdff06a16f724862f928b61128924628739c02&dn=看！黛博拉第04集.mp4')('《看！黛博拉》', 'magnet:?xt=urn:btih:0fcdff06a16f724862f928b61128924628739c02&dn=看！黛博拉第04集.mp4&tr=http://t.t789.me:2710/announce&tr=http://t.t789.co:2710/announce&tr=http://t.t789.vip:2710/announce">magnet:?xt=urn:btih:0fcdff06a16f724862f928b61128924628739c02&dn=看！黛博拉第04集.mp4')
('《我的媳夫》', 'magnet:?xt=urn:btih:39154ab7e168cb802aa1e10df91d7eb53979be3c&dn=我的媳夫第02集.mp4&tr=http://t.t789.me:2710/announce&tr=http://t.t789.co:2710/announce&tr=http://t.t789.vip:2710/announce">magnet:?xt=urn:btih:39154ab7e168cb802aa1e10df91d7eb53979be3c&dn=我的媳夫第02集.mp4')('《我的媳夫》', 'magnet:?xt=urn:btih:39154ab7e168cb802aa1e10df91d7eb53979be3c&dn=我的媳夫第02集.mp4&tr=http://t.t789.me:2710/announce&tr=http://t.t789.co:2710/announce&tr=http://t.t789.vip:2710/announce">magnet:?xt=urn:btih:39154ab7e168cb802aa1e10df91d7eb53979be3c&dn=我的媳夫第02集.mp4')
('《这不是抄袭吗？》', 'magnet:?xt=urn:btih:05fb83594accded5934e869c892fd2e3c50d8874&dn=这不是抄袭吗？第02集.mp4&tr=http://t.t789.me:2710/announce&tr=http://t.t789.co:2710/announce&tr=http://t.t789.vip:2710/announce">magnet:?xt=urn:btih:05fb83594accded5934e869c892fd2e3c50d8874&dn=这不是抄袭吗？第02集.mp4')('《这不是抄袭吗？》', 'magnet:?xt=urn:btih:05fb83594accded5934e869c892fd2e3c50d8874&dn=这不是抄袭吗？第02集.mp4&tr=http://t.t789.me:2710/announce&tr=http://t.t789.co:2710/announce&tr=http://t.t789.vip:2710/announce">magnet:?xt=urn:btih:05fb83594accded5934e869c892fd2e3c50d8874&dn=这不是抄袭吗？第02集.mp4')
('《Unknown》', 'magnet:?xt=urn:btih:c8df30829318c9b92d0f07991a640eda42529eeb&dn=Unknown第01集.mp4&tr=http://t.t789.me:2710/announce&tr=http://t.t789.co:2710/announce&tr=http://t.t789.vip:2710/announce">magnet:?xt=urn:btih:c8df30829318c9b92d0f07991a640eda42529eeb&dn=Unknown第01集.mp4')('《Unknown》', 'magnet:?xt=urn:btih:c8df30829318c9b92d0f07991a640eda42529eeb&dn=Unknown第01集.mp4&tr=http://t.t789.me:2710/announce&tr=http://t.t789.co:2710/announce&tr=http://t.t789.vip:2710/announce">magnet:?xt=urn:btih:c8df30829318c9b92d0f07991a640eda42529eeb&dn=Unknown第01集.mp4')
('《献给国王的无名指》', 'magnet:?xt=urn:btih:f3eb4d4eea23f688eee565786a0f9377438b6d81&dn=献给国王的无名指第01集.mp4&tr=http://t.t789.me:2710/announce&tr=http://t.t789.co:2710/announce&tr=http://t.t789.vip:2710/announce">magnet:?xt=urn:btih:f3eb4d4eea23f688eee565786a0f9377438b6d81&dn=献给国王的无名指第01集.mp4')('《献给国王的无名指》', 'magnet:?xt=urn:btih:f3eb4d4eea23f688eee565786a0f9377438b6d81&dn=献给国王的无名指第01集.mp4&tr=http://t.t789.me:2710/announce&tr=http://t.t789.co:2710/announce&tr=http://t.t789.vip:2710/announce">magnet:?xt=urn:btih:f3eb4d4eea23f688eee565786a0f9377438b6d81&dn=献给国王的无名指第01集.mp4')
('《纸之月》', 'magnet:?xt=urn:btih:63eb1780ec4220fcd59cb772d1f679bfb81104d3&dn=纸之月第04集.mp4&tr=http://t.t789.me:2710/announce&tr=http://t.t789.co:2710/announce&tr=http://t.t789.vip:2710/announce">magnet:?xt=urn:btih:63eb1780ec4220fcd59cb772d1f679bfb81104d3&dn=纸之月第04集.mp4')('《纸之月》', 'magnet:?xt=urn:btih:63eb1780ec4220fcd59cb772d1f679bfb81104d3&dn=纸之月第04集.mp4&tr=http://t.t789.me:2710/announce&tr=http://t.t789.co:2710/announce&tr=http://t.t789.vip:2710/announce">magnet:?xt=urn:btih:63eb1780ec4220fcd59cb772d1f679bfb81104d3&dn=纸之月第04集.mp4')
